Sensor1,Sensor2,Sensor3,Sensor4,Class
156.6225,436.536,116.3771,106.5749,0
187.6995,392.49,93.6944,18.50669,0
6.3922,414.9315,114.8364,211.1193,0
0.2136489,418.1895,12.78533,60.8778,0
43.39845,262.7775,104.5575,2.986425,0
128.5245,311.292,24.60532,21.78135,0
24.3939,430.4835,117.3877,232.6054,0
93.7935,298.161,21.7719,68.6154,0
24.3939,430.4835,117.3877,232.6054,0
175.959,272.925,76.0554,21.15254,0
73.5705,147.87,129.3885,3.91743,0
194.5755,151.3885,154.602,17.9056,0
236.79,179.253,48.2732,45.4635,0
141.534,262.125,15.94609,46.3264,0
114.705,276.7455,35.9755,38.3501,0
221.688,247.32,76.7994,15.70088,0
217.1925,36.12915,73.6695,53.4375,0
162.972,389.9745,87.0263,13.85669,0
204.5655,367.533,76.2166,45.3251,0
173.97,81.7873,86.589,4.79025,0
155.547,428.526,124.3472,111.4264,0
14.8158,138.1112,205.731,30.6528,0
196.578,435.231,122.7786,98.0375,0
161.604,135.5805,32.7996,25.38945,0
94.149,211.11,380.862,18.66696,0
144.144,259.146,23.35695,18.98781,0
69.102,412.974,70.4258,22.79585,0
55.1115,395.0055,68.6185,25.00057,0
179.5455,83.9046,107.757,38.83095,0
85.4685,344.8125,6.9273,96.4348,0
48.8808,487.935,114.579,91.0222,0
153.18,392.6745,92.7365,17.74502,0
115.3575,304.9605,19.21349,17.3592,0
261.315,225.4365,69.3904,19.7451,0
141.1965,127.3976,205.6545,44.53335,0
24.26959,511.2135,11.66964,218.5345,0
129.96,20.1132,206.5815,7.56338,0
22.34925,248.715,80.0325,14.61836,0
191.637,508.329,126.9233,134.7167,0
80.7255,34.6394,69.543,8.08449,0
243.0945,139.6755,35.7616,70.4295,0
114.1515,116.955,94.221,9.03825,0
207.243,126.3715,124.1415,14.39145,0
109.0575,428.994,95.4459,86.0126,0
45.0405,350.307,8.74789,82.4848,0
5.5467,404.316,28.9881,75.4292,0
177.8805,72.9988,107.064,21.7233,0
186.1785,22.1616,49.185,82.242,0
212.3145,450.6885,122.4066,119.6042,0
187.443,106.9345,163.935,48.9555,0
198.3105,490.824,141.9025,137.2401,0
103.797,159.138,25.89795,18.8721,0
170.7075,359.3385,78.9787,58.032,0
2.212875,276.4665,80.226,22.35503,0
11.17575,343.9755,44.4825,27.08501,0
50.9265,178.4115,152.9055,37.95795,0
126.1485,408.879,104.3708,31.6944,0
201.069,103.0815,43.0947,37.3761,0
225.8325,386.901,91.0625,39.711,0
83.988,349.9335,7.39319,91.8654,0
146.025,298.35,19.66485,39.12165,0
181.332,120.402,36.30825,32.25555,0
35.0703,85.6665,339.0255,45.99,0
39.42135,306.6345,37.8891,5.31836,0
185.3865,86.6636,93.1815,30.3354,0
171.1215,36.68805,94.6845,46.1025,0
66.627,343.6965,86.4156,32.0571,0
182.844,161.28,32.64525,17.76645,0
193.788,369.306,86.2544,44.4416,0
110.187,195.8425,358.344,9.2709,0
147.231,80.2665,95.2245,27.6003,0
19.98632,142.7922,375.615,84.0069,0
132.9435,48.42,29.05965,40.2273,0
97.272,213.2924,366.8265,2.512488,0
171.9,491.7555,124.3472,155.8804,0
84.9989,513.171,114.273,172.9583,0
151.5105,160.7536,166.2075,35.4237,0
205.1865,75.0541,118.8585,72.756,0
230.0805,15.46001,28.28835,50.3505,0
150.2865,143.0495,179.2035,7.36281,0
189.1215,10.24245,43.2486,43.7769,0
159.471,55.7775,89.865,96.9615,0
104.112,479.9295,109.3928,147.7832,0
57.6104,354.87,51.5933,56.9904,0
139.77,429.363,131.8616,124.093,0
131.2335,487.377,103.6547,127.782,0
179.649,138.4956,167.868,3.3945,0
68.31,256.257,4.26681,0.828878,0
145.5795,434.115,99.4294,80.4388,0
189.846,306.729,39.6924,34.2342,0
80.1855,311.292,39.5064,48.8529,0
113.9895,131.1075,25.482,3.79533,0
175.3605,333.7335,56.5595,6.30315,0
94.86,305.7975,5.2948,22.0725,0
130.3605,31.8456,103.05,83.9835,0
41.8365,117.7101,208.9305,9.1667,0
155.889,480.951,105.6201,127.379,0
183.2085,468.1035,129.3382,147.5042,0
45.1732,410.463,78.4125,158.8471,0
46.7325,86.508,321.597,40.1112,0
28.43258,449.478,53.118,162.0153,0
134.73,324.0495,37.6743,14.4495,0
72.633,582.822,149.7825,184.2206,0
170.181,89.4226,101.511,4.87754,0
210.1005,58.941,2.49318,85.905,0
155.9835,50.004,78.4125,60.246,0
147.1365,134.5834,165.978,9.24699,0
230.859,390.1635,89.6303,46.7666,0
90.6255,276.372,17.06805,25.6221,0
19.5255,249.2775,91.485,12.53392,0
32.2431,422.9415,38.6991,165.3416,0
187.2225,504.882,112.0216,126.5389,0
244.71,426.0105,153.1927,121.5262,0
226.44,369.117,81.3936,32.0571,0
235.881,474.246,127.6394,132.6707,0
6.3922,414.9315,114.8364,211.1193,0
94.0995,42.4611,204.804,55.53,0
77.9265,10.77715,188.5725,30.73278,0
187.812,150.012,44.1564,27.19305,0
176.544,100.6477,155.6055,37.66725,0
173.1645,456.9255,119.5391,130.9068,0
23.3775,101.1623,139.0275,30.5319,0
173.628,35.29125,49.6485,76.536,0
78.732,5.4529,233.2215,58.149,0
163.2465,44.2305,30.98745,28.53135,0
123.2595,333.081,3.22578,78.4362,0
204.5115,370.233,74.9146,49.2125,0
54.5569,536.4495,120.402,103.0471,0
228.1095,9.59085,9.1251,54.4275,0
155.6595,500.04,130.3209,157.8861,0
87.111,367.443,0.726175,70.0166,0
111.87,30.85523,240.318,4.79725,0
109.017,141.8312,267.615,9.67815,0
177.6555,116.9413,129.735,0.891585,0
101.853,139.0722,164.511,18.98781,0
61.047,190.611,96.0345,14.4495,0
227.034,175.338,44.3424,38.83095,0
159.7455,387.7425,101.6614,37.2279,0
7.8057,354.1275,12.0942,117.4373,0
108.036,421.1685,104.0515,103.9306,0
219.8295,71.9775,0.00901511,73.8045,0
188.6715,101.2894,116.2755,9.7947,0
50.247,389.232,29.83812,56.1472,0
46.0575,310.545,62.1922,84.0875,0
55.893,534.681,92.061,163.4568,0
5.28255,282.4245,48.0345,76.7126,0
25.677,0.7688,55.8945,17.4251,0
182.484,76.2073,102.627,46.4535,0
52.5512,47.9565,397.323,42.72975,0
34.6983,482.7195,94.221,175.1624,0
84.5955,111.1815,112.1895,16.95195,0
161.235,117.7101,154.7595,3.87531,0
8.58645,410.8365,115.475,180.4944,0
164.619,255.888,53.1867,7.36281,0
4.07464,55.1025,374.922,15.8463,0
107.6625,440.91,94.1191,87.4944,0
73.917,135.6705,10.28205,4.557,0
3.65273,48.9459,361.35,0.868961,0
21.56732,387.7425,82.8855,134.1959,0
132.3945,333.4545,30.28979,27.40586,0
54.4329,537.5655,139.257,151.8318,0
38.8647,489.6135,86.895,134.0347,0
146.6325,138.3034,171.108,4.67697,0
82.413,286.524,1.124618,2.22993,0
205.4025,112.4525,129.078,12.4713,0
123.1425,156.0075,299.736,17.94559,0
41.8365,117.7101,208.9305,9.1667,0
178.4835,457.578,127.5061,142.7736,0
65.601,2.63035,188.0325,26.6112,0
217.224,138.0915,30.8718,36.32895,0
72.571,557.028,31.68135,235.0916,0
57.6104,354.87,51.5933,56.9904,0
186.543,326.565,59.3743,26.68418,0
86.2065,273.672,10.66725,62.3596,0
180.9675,67.9334,110.916,51.3405,0
264.879,264.3615,87.3177,9.32697,0
64.7807,487.1925,106.2135,106.0138,0
180.117,111.4233,160.0785,12.06405,0
24.39359,430.4835,117.3877,232.6054,0
187.9065,461.7675,119.5112,133.4736,0
37.4814,339.318,29.25225,28.68864,0
216.3465,100.4715,8.16354,69.903,0
238.7835,237.078,89.6024,16.34196,0
115.2225,417.0735,111.3303,42.036,0
94.7655,342.207,14.80405,57.2291,0
97.7445,22.90094,246.024,22.43501,0
193.0455,413.163,142.8077,134.1153,0
158.202,458.5095,132.5529,154.318,0
117.63,360.3645,115.4998,40.5139,0
30.63915,104.6655,220.8825,24.7491,0
188.829,33.52185,37.4652,33.885,0
274.1355,133.5285,41.1277,65.4795,0
59.553,148.338,10.629,3.71504,0
59.688,46.467,254.547,12.81447,0
5.18785,343.233,54.2745,112.3471,0
40.3,462.051,91.543,181.7778,0
69.0091,564.291,132.471,109.2998,0
108.882,290.9925,23.46328,10.26,0
49.4415,28.773,269.505,18.06587,0
209.088,473.967,142.1412,130.386,0
11.17178,185.211,140.1435,11.53169,0
61.029,144.612,195.5925,35.3979,0
25.677,0.7688,55.8945,17.4251,0
82.0849,456.183,41.261,169.5917,0
140.4855,97.247,86.6655,11.61198,0
247.248,69.651,1.87623,86.778,0
41.5059,69.84,318.627,46.395,0
72.4191,538.218,138.7575,168.7485,0
101.682,1.026658,213.0975,8.6056,0
21.10545,19.62951,332.316,16.42815,0
122.832,129.1545,23.0058,22.9455,0
92.097,91.35,97.9245,2.592654,0
41.1494,427.41,109.836,163.3359,0
175.0725,66.7151,118.359,49.7115,0
179.973,40.69215,52.6185,76.014,0
107.784,427.8735,98.5273,93.2666,0
147.168,311.9445,32.4136,10.55115,0
43.1861,70.488,339.219,35.28135,0
73.827,159.696,62.838,11.29144,0
124.848,308.592,33.0801,3.39372,0
109.2915,422.1945,100.6787,45.0833,0
189.603,86.986,90.522,30.3354,0
74.124,21.69585,213.5205,55.125,0
92.6865,30.79106,234.5355,9.08672,0
17.091,31.941,34.074,13.7764,0
45.6075,380.4795,51.832,64.5265,0
205.6095,138.1112,142.9605,0.1933245,0
25.85745,454.9725,52.4427,136.1582,0
25.803,413.721,28.1914,58.032,0
237.906,146.565,42.5351,52.506,0
180.459,479.556,128.3028,157.0026,0
186.4125,114.0552,172.2645,73.3365,0
139.203,90.4487,100.044,10.02735,0
99.153,269.7615,23.85405,38.2491,0
168.48,35.75655,43.13295,45.3465,0
136.4805,103.266,95.1075,15.7878,0
169.7895,324.3285,52.1234,29.37002,0
142.0065,130.086,26.86185,35.92125,0
81.513,342.3015,30.3428,76.4708,0
224.46,324.234,101.8226,35.9848,0
111.735,297.6975,24.57897,28.16753,0
71.73,211.7475,61.911,3.68469,0
0.499193,438.678,6.9273,50.0154,0
173.232,440.7255,128.6748,138.2042,0
41.8365,117.7101,208.9305,9.1667,0
222.039,108.4815,5.45414,73.1025,0
172.8765,450.9675,132.3669,152.3929,0
242.6175,449.757,118.0511,104.2902,0
198.324,2.181315,91.872,50.9355,0
121.257,305.892,12.49331,20.2104,0
237.402,6.23835,5.4621,51.4575,0
154.404,281.8665,60.4903,11.21115,0
182.34,5.13205,20.42235,23.0616,0
61.371,148.0529,378.819,58.3916,0
40.3047,349.9335,85.1663,59.9943,0
86.6925,349.0065,5.21513,95.3901,0
9.43965,14.30526,347.7015,40.9257,0
183.06,91.0253,98.964,22.5378,0
129.465,125.8569,163.1655,10.08864,0
14.5035,27.84048,363.9735,31.1499,0
40.3,462.051,91.543,181.7778,0
79.8615,199.4354,366.75,27.84668,0
60.3855,137.0851,364.05,53.7819,0
40.3227,474.6195,43.9425,125.0137,0
19.85625,132.6915,194.5125,32.1975,0
145.899,280.1925,5.5008,44.8446,0
115.551,158.112,27.6327,12.61421,0
68.6743,538.3125,3.53421,241.3443,0
186.0705,275.3505,75.3114,6.08003,0
87.03,0.000287767,216.72,10.52977,0
112.806,52.146,176.6205,5.66325,0
96.588,273.5775,17.9118,69.1362,0
2.339055,317.3445,63.6771,97.6748,0
57.177,361.575,6.09181,67.8528,0
51.435,37.52595,245.484,17.66504,0
103.176,406.737,100.4927,40.2721,0
14.814,138.1112,205.731,30.6528,0
133.7355,307.6605,8.3762,32.08095,0
75.8205,393.7005,39.1871,42.9598,0
59.4487,526.023,114.543,101.5653,0
106.7805,471.267,93.2697,99.2403,0
46.278,439.515,42.4297,55.3443,0
12.35295,414.837,101.8753,150.1888,0
72.144,148.3753,383.3685,65.7293,0
207.72,458.046,130.7735,137.1595,0
191.151,346.302,85.8576,33.3777,0
180.9675,83.7124,112.3065,16.4862,0
226.3365,154.0824,157.6125,7.36281,0
71.559,103.266,145.8135,8.2818,0
95.733,233.7255,55.7101,36.4653,0
53.1495,377.3115,63.7577,28.00695,0
14.814,138.1112,205.731,30.6528,0
258.0885,237.636,70.0538,3.39372,0
120.231,254.583,32.8383,46.1652,0
71.0955,145.9356,356.337,48.0097,0
132.7455,101.2185,60.561,1.149573,0
23.3775,101.1623,139.0275,30.5319,0
168.084,431.5995,120.9992,103.8097,0
53.7664,90.7875,349.281,42.0894,0
174.78,451.2465,121.8238,126.5389,0
158.6565,57.7305,86.742,80.9595,0
200.4705,112.392,46.4085,43.6023,0
4.99348,200.3344,376.0785,47.1696,0
189.738,425.7315,152.7928,162.3346,0
158.184,307.008,20.88687,14.53838,0
76.446,130.923,130.698,4.96485,0
47.7315,110.439,113.346,5.27837,0
91.8945,55.962,189.7695,40.69305,0
160.173,58.851,58.095,74.502,0
135.0405,261.567,69.1486,20.63143,0
176.823,63.504,81.342,40.4019,0
156.0015,126.2444,192.969,69.381,0
178.47,176.4585,31.7583,15.1479,0
45.8595,104.85,222.003,37.31805,0
43.3863,252.72,99.621,3.87531,0
81.9225,304.029,0.4496085,17.76645,0
224.6535,353.9385,72.8965,22.31504,0
36.5924,517.9185,7.00425,211.4014,0
181.4805,10.42875,40.0869,53.2035,0
29.7081,467.451,43.4899,121.3681,0
161.919,320.8815,40.4085,9.5616,0
57.6104,354.87,51.5933,56.9904,0
184.374,21.1374,75.0195,41.21685,0
149.8455,41.0643,71.127,17.7084,0
139.896,140.049,36.38565,19.512,0
132.8629,383.553,141.264,28.40809,0
38.8368,459.162,98.0415,173.7178,0
23.3775,101.1623,139.0275,30.5319,0
14.814,138.1112,205.731,30.6528,0
39.9924,240.5205,92.025,6.00005,0
159.561,421.731,125.0881,122.6484,0
6.71491,361.4805,84.816,120.4443,0
122.427,408.6945,102.6441,30.01141,0
144.2295,391.0005,90.0023,24.2389,0
121.1265,486.7245,102.3,132.9528,0
72.0502,518.292,82.0395,166.625,0
122.2245,130.2186,188.613,7.64145,0
152.316,147.033,40.93515,11.3076,0
78.534,216.126,93.951,28.18215,0
126.225,25.9794,60.408,54.5985,0
260.2035,251.046,74.6759,1.750849,0
175.4955,78.03,72.0495,43.54425,0
158.3505,284.94,55.1521,0.628463,0
145.323,348.2595,11.72296,78.7555,0
157.4325,142.3755,10.20465,5.1181,0
98.766,62.0145,52.119,38.5983,0
101.367,448.362,98.4219,92.8264,0
186.8805,122.0098,128.8485,0.548266,0
33.43815,502.65,42.8544,126.2568,0
85.9725,399.195,72.4966,23.43724,0
46.6705,3.16557,309.0645,15.70088,0
26.4762,484.7715,43.0404,134.1556,0
145.3635,352.728,109.5788,37.6681,0
61.7582,524.439,119.439,161.5317,0
128.3535,405.432,116.591,103.4501,0
192.474,112.2975,21.8493,16.25355,0
89.181,416.7945,109.151,58.032,0
171.1035,119.9576,181.98,42.90435,0
195.6735,499.8555,126.6567,131.8709,0
51.831,62.388,237.2715,13.49616,0
38.9856,71.514,315.351,19.10475,0
88.074,158.5743,387.5715,44.3207,0
77.004,547.2495,126.918,115.9958,0
35.6407,58.293,346.545,28.18215,0
217.656,450.594,134.0409,134.1556,0
3.78076,396.306,42.5547,131.0277,0
87.4305,287.8245,4.15116,26.1459,0
78.39,149.079,369.639,64.0429,0
47.1882,487.8405,125.2215,127.0194,0
40.3,462.051,91.543,181.7778,0
154.107,4.55483,36.1539,13.1112,0
114.7635,153.5058,286.7805,12.89476,0
70.6095,285.5925,5.6668,74.7069,0
58.8915,221.526,90.0585,9.9108,0
232.992,370.422,100.7841,48.6514,0
100.305,433.4625,96.4813,84.2084,0
253.224,453.8565,133.0861,118.2402,0
54.621,395.937,67.1832,22.99642,0
17.091,31.941,34.074,13.7764,0
24.3675,271.4355,75.7125,14.29782,0
182.358,255.609,61.0483,1.182555,0
212.7825,94.7925,8.77455,70.3125,0
154.6155,29.7972,94.6845,85.149,0
39.0672,460.9305,46.2272,124.2542,0
151.155,441.099,118.4479,115.1123,0
165.159,134.739,38.31345,13.8096,0
60.0705,275.3505,20.92365,22.4217,0
143.4915,105.8433,124.839,6.2806,0
110.3715,133.4385,9.00945,1.750849,0
176.0445,133.8075,41.7834,27.2511,0
177.138,476.4825,115.475,133.7123,0
177.363,101.9962,142.533,48.897,0
166.149,122.7135,195.4755,60.8265,0
255.645,350.775,83.2288,28.68864,0
34.7058,408.879,38.0711,46.4876,0
160.9245,439.8885,123.3645,107.3778,0
72.09,275.6295,23.8158,21.5487,0
120.069,459.72,106.6834,124.2139,0
90.0315,83.898,119.2095,21.31605,0
28.89675,140.7915,193.1985,29.1132,0
197.316,95.2599,136.9035,57.3345,0
34.85025,407.484,74.6759,43.0404,0
43.4583,377.685,42.191,45.4429,0
139.266,392.958,89.9217,29.97142,0
222.129,342.207,72.6299,26.44362,0
60.3198,504.9765,85.8555,106.6555,0
258.3135,13.72804,17.10675,61.9335,0
83.6659,548.928,30.44745,264.9942,0
51.624,161.9325,87.2415,13.45586,0
133.839,403.2,89.9744,32.1749,0
205.6815,324.423,101.6614,46.3264,0
8.316,292.8555,90.5985,27.04502,0
39.2652,418.1895,24.3133,68.1318,0
17.80155,309.897,47.646,20.95197,0
172.728,278.3295,63.3609,1.029324,0
126.9405,328.986,25.37567,58.2304,0
116.1765,438.957,98.4219,92.8667,0
171.9585,10.42875,90.5985,92.538,0
17.091,31.941,34.074,13.7764,0
157.0185,301.05,37.3302,12.01281,0
55.1211,38.457,320.8635,1.24074,0
94.329,111.4605,87.2055,1.269822,0
42.6294,17.70503,323.5635,20.95197,0
127.1745,423.0315,102.4054,32.5779,0
0.3206205,376.4745,22.85145,118.2805,0
151.1235,466.0515,115.6331,114.6721,0
113.5215,100.6605,122.562,35.7471,0
2.03868,303.003,48.186,28.9292,0
217.251,349.191,75.9221,37.8696,0
87.642,147.9878,383.715,57.8708,0
124.4655,29.7972,186.723,8.80586,0
3.30088,23.79901,349.0875,28.88055,0
32.5134,1.668141,255.1635,41.8779,0
191.1375,66.672,14.99005,42.90435,0
178.974,15.08445,101.547,97.3125,0
165.0015,193.59,25.16535,15.20595,0
127.044,488.3085,97.5446,123.3304,0
44.0727,524.439,1.788669,220.1775,0
191.061,53.9145,29.98485,42.6132,0
184.671,149.0139,150.7095,15.25975,0
65.2815,395.5635,69.2044,20.23029,0
155.9115,121.4332,178.857,16.25355,0
83.3985,276.561,45.792,63.2431,0
158.796,32.2182,87.7815,87.1875,0
178.7355,46.6515,34.18785,45.0585,0
159.03,421.263,112.5796,38.6291,0
166.023,444.915,126.4428,135.3584,0
138.024,136.7627,172.071,25.32142,0
119.0835,149.2712,285.9705,0.135135,0
103.0185,167.985,28.404,12.33366,0
70.5285,356.733,1.762102,67.2514,0
181.8225,23.1858,46.2555,49.77,0
197.307,151.2614,151.479,0.909044,0
90.7425,7.82626,232.6815,48.4335,0
182.007,502.8345,135.1042,146.9431,0
10.45599,20.14256,344.9655,32.5467,0
76.2724,572.859,41.2821,236.8958,0
185.3775,491.661,120.6799,129.5862,0
90.8685,37.0602,208.6605,63.909,0
70.6545,356.0805,13.0581,68.0543,0
118.8675,341.37,8.85422,51.6987,0
225.963,363.438,94.5965,53.1805,0
195.4575,149.8275,37.6191,29.22975,0
82.071,210.0188,377.4285,16.78309,0
177.219,41.8095,35.34435,30.4515,0
101.3265,159.4082,193.122,38.7097,0
247.68,466.5195,136.803,124.6541,0
128.3445,412.695,113.0291,37.3457,0
52.542,412.047,64.6877,25.00057,0
117.468,360.3645,7.31352,54.5848,0
14.5998,453.015,37.1442,127.9804,0
175.329,148.5024,152.793,16.66281,0
97.884,25.0821,229.599,21.07225,0
52.146,401.9895,64.5017,34.9432,0
211.824,373.3065,79.3755,46.2055,0
60.9677,531.234,12.54632,244.0289,0
182.484,18.06435,65.5335,29.40435,0
106.551,212.009,378.9315,13.89699,0
15.10425,307.6605,31.3731,17.26421,0
195.291,164.4116,174.6135,21.83392,0
69.552,384.669,18.8415,67.5304,0
64.242,377.3115,65.0845,60.9987,0
8.61862,368.4645,97.1478,78.3556,0
42.12495,388.8585,50.6881,40.4333,0
208.584,93.2697,120.4785,54.54,0
68.706,173.2001,389.538,53.382,0
43.0317,111.276,200.601,9.7362,0
86.5334,79.803,304.902,12.37365,0
234.144,158.022,38.8678,45.5805,0
143.262,325.4445,33.2103,80.3179,0
29.47365,233.1675,48.0285,13.05503,0
252.378,463.5405,148.8093,134.9554,0
49.725,334.944,18.49455,94.0292,0
176.814,90.3836,99.5805,13.86765,0
52.011,288.0135,69.777,31.3245,0
115.1145,117.981,83.3085,18.11565,0
125.2395,494.082,110.267,136.5209,0
169.3575,125.1495,29.75355,15.38055,0
82.0849,456.183,41.261,169.5917,0
47.934,376.569,43.4124,51.1779,0
44.2525,534.5865,18.72585,216.9318,0
258.552,458.136,148.3567,134.4346,0
228.87,147.591,39.3731,50.3505,0
153.414,243.2205,78.2068,27.88698,0
7.3191,419.4945,95.8815,135.7583,0
171.8865,404.7795,135.873,125.0137,0
35.3121,81.5715,311.148,31.55715,0
221.6205,31.0077,34.8048,54.4275,0
112.9005,307.845,0.912113,20.2104,0
6.3922,414.9315,114.8364,211.1193,0
177.57,308.313,47.8733,17.3042,0
8.618,368.4645,97.1478,78.3556,0
83.664,144.333,4.94946,8.12448,0
25.62885,343.323,70.893,99.9223,0
155.817,137.919,159.4215,6.94305,0
152.7795,51.678,96.3045,93.879,0
226.9305,16.42194,22.69755,49.77,0
169.911,323.0235,47.1045,18.0576,0
209.529,343.791,75.1533,38.3904,0
184.266,91.9894,106.6005,33.94305,0
82.728,272.835,24.62535,23.0616,0
90.6885,19.64745,206.388,9.7681,0
158.6295,32.4045,76.176,28.9971,0
169.065,168.1316,172.1475,38.8306,0
116.9505,158.301,34.3035,36.50355,0
85.473,43.8579,190.1925,36.61965,0
166.2345,122.3942,191.8125,52.0965,0
199.3275,72.8717,76.716,40.9257,0
307.116,234.8415,78.8175,24.5745,0
85.3515,78.0053,126.4185,24.72002,0
96.867,191.1615,363.7395,10.65005,0
148.518,318.6495,41.0998,10.02735,0
122.4585,317.25,18.23048,18.81405,0
174.807,94.0416,114.003,9.0963,0
187.4925,13.7919,10.5516,12.52935,0
42.40125,263.5245,84.429,10.08864,0
230.9445,0.962488,14.6772,50.1795,0
17.21295,306.5445,81.576,18.98781,0
136.4985,80.3768,104.3235,13.635,0
131.5485,272.088,3.46208,18.18615,0
52.29,463.167,39.7451,125.2152,0
170.0595,115.929,58.941,25.4475,0
34.99425,269.0145,53.7345,10.9306,0
11.90028,32.4601,362.313,22.30515,0
9.4878,424.6155,2.930833,57.629,0
133.0695,142.4078,265.806,25.7382,0
208.9755,104.5599,116.892,24.86565,0
151.0965,133.4922,271.0845,8.2233,0
158.0715,130.8285,47.6055,18.3483,0
119.529,481.698,102.5635,126.3777,0
42.1972,481.23,76.599,89.9806,0
8.618,368.4645,97.1478,78.3556,0
46.8,214.8951,372.996,40.2721,0
98.4645,123.102,59.751,5.6792,0
192.402,82.2368,96.1875,42.49665,0
3.71876,309.3345,41.39775,20.7514,0
133.812,395.748,112.7129,42.6374,0
170.091,102.6379,119.2095,2.986425,0
241.137,169.0065,53.7695,48.5505,0
82.6785,275.814,37.81215,24.86565,0
55.179,40.31955,259.056,3.59476,0
1.488248,17.38418,347.4675,20.385,0
25.677,0.770071,55.8945,17.42448,0
196.353,20.85795,64.2645,90.909,0
77.6565,138.5607,369.9855,56.0263,0
215.8425,314.3655,61.8977,10.85031,0
184.329,458.5095,121.9013,129.6637,0
115.0155,151.2225,91.4445,12.06405,0
157.122,385.6905,94.0106,18.34642,0
23.3775,101.1623,139.0275,30.5319,0
134.352,327.0285,12.679,69.5361,0
184.194,243.594,56.4789,10.6092,0
79.866,23.86318,251.343,58.6755,0
234.054,14.7123,8.08425,53.0865,0
13.96922,42.4018,318.861,12.49393,0
218.0295,365.022,91.4872,45.6444,0
33.67845,327.402,51.768,16.7028,0
230.4585,385.0425,105.1427,47.9694,0
162.8145,116.1074,127.2285,22.07448,0
1.82241,383.553,65.0745,121.8486,0
82.0849,456.183,41.261,169.5917,0
17.0928,31.93875,34.0722,13.77671,0
29.73613,4.096755,279.918,45.9668,0
129.024,450.036,99.3519,96.3945,0
45.819,409.905,19.23984,53.0999,0
84.1433,515.4075,94.914,122.8499,0
172.098,96.3511,110.4165,23.4108,0
125.8245,95.445,82.7325,17.24265,0
159.111,301.887,25.37567,21.5487,0
21.8736,392.5845,99.9675,142.4915,0
186.939,327.402,76.7746,37.5069,0
41.71635,424.431,20.54153,51.8568,0
81.972,200.7188,362.313,12.97505,0
75.8663,568.1115,33.10785,237.4972,0
161.379,95.9667,126.4185,11.01645,0
29.78595,434.673,8.93389,51.5778,0
215.667,76.8195,1.602731,67.167,0
224.334,375.822,78.8175,39.7513,0
34.0812,136.323,131.238,2.111627,0
209.2455,343.512,60.2237,11.61198,0
0.730949,322.839,35.30565,23.47754,0
38.5083,0.372051,297.189,16.46224,0
39.7341,29.70405,270.432,13.41587,0
181.899,136.121,213.597,51.165,0
101.457,364.464,7.71187,101.3638,0
17.3151,296.9505,10.3416,17.50446,0
141.9345,160.3041,296.9595,25.85475,0
107.8605,10.61505,218.1465,64.665,0
212.013,93.3975,8.3762,55.7055,0
180.5715,456.6465,122.0346,126.2568,0
119.727,142.5645,88.2855,8.3979,0
74.7565,283.2129,420.498,20.23029,1
47.2812,193.8554,240.858,26.9604,1
19.04702,2.822798,9.86358,22.5963,1
11.31686,130.176,113.0291,94.8693,1
183.0054,295.5555,30.44745,207.0707,1
56.4665,123.8445,22.40091,72.943,1
24.01291,58.1808,108.1035,50.9355,1
56.3797,280.1346,405.729,3.79533,1
110.9831,400.8579,593.0055,79.5987,1
56.4789,213.3544,246.0645,2.579085,1
10.7911,11.99576,14.83071,28.18215,1
21.3156,151.2225,139.6984,125.3361,1
105.6573,218.6415,23.83528,150.8708,1
51.6522,9.30155,64.071,1.12437,1
64.9822,220.2829,297.846,10.44948,1
82.7235,324.0089,410.1255,53.7013,1
14.71415,134.8376,89.5545,33.8265,1
47.484,53.3565,81.8741,4.96485,1
52.398,171.4275,153.1648,126.8179,1
138.8149,331.686,9.67758,210.0374,1
84.7478,20.48535,109.7595,9.7947,1
70.866,168.9004,261.1755,39.70395,1
50.3564,196.6764,209.5875,7.64145,1
22.86585,21.50955,61.3924,25.9713,1
73.836,191.2635,151.9713,82.5251,1
36.71235,217.8,163.1003,188.5513,1
170.1931,409.716,12.01498,185.2653,1
99.9378,125.7075,14.5233,26.68418,1
63.9561,46.9557,54.855,20.0358,1
28.30858,62.3503,6.06515,2.986425,1
27.0225,86.9715,101.9528,10.04865,1
41.09175,150.1965,125.7267,51.8971,1
8.68465,138.2805,104.9567,90.3805,1
111.8635,149.6385,16.10574,110.7847,1
192.2093,390.627,0.411048,114.793,1
133.0892,150.3855,34.7661,30.93335,1
93.8215,1.924728,30.8718,1.710766,1
52.7465,0.321036,30.79447,16.46224,1
19.94106,111.366,91.3012,31.8556,1
26.76509,87.066,73.5599,33.7807,1
64.0429,47.304,14.35238,34.0194,1
66.1323,70.5825,2.612091,54.1043,1
38.9608,45.6723,129.231,20.09385,1
96.4968,212.071,483.309,31.5332,1
150.5174,183.0147,494.181,25.48169,1
80.228,173.943,10.3416,39.6707,1
10.9773,66.2985,43.9952,18.14585,1
47.4982,157.9946,300.5055,7.8741,1
124.0775,418.4349,795.474,102.9262,1
124.5363,257.6813,560.4615,44.5625,1
95.2661,16.48611,107.4465,34.93215,1
61.349,145.3545,42.0825,80.0389,1
13.3114,4.55483,1.991925,4.83755,1
69.254,217.9734,337.212,27.6003,1
130.541,386.6816,673.668,43.0404,1
118.0263,251.0101,457.974,29.2878,1
80.3272,3.27174,57.591,46.863,1
69.6942,139.1175,74.3039,82.8041,1
44.7237,148.149,61.0762,106.6152,1
12.21896,0.641762,2.054277,13.85669,1
47.182,205.7873,258.7095,3.31421,1
87.6277,280.2617,408.123,30.45223,1
53.5153,186.7347,235.8855,13.2858,1
29.21905,1.768815,7.49952,14.21685,1
27.76639,135.1125,111.8077,106.8167,1
194.7265,299.9295,23.66145,217.3317,1
71.9541,142.47,31.0062,84.1681,1
41.5834,64.4056,126.4185,27.3096,1
69.998,289.1153,421.7715,26.64419,1
120.4598,398.2291,575.8065,97.1943,1
58.8039,210.4683,237.4245,10.08864,1
16.31995,7.69792,14.14003,18.8721,1
0.4347585,160.254,136.617,136.7193,1
120.3606,220.41,28.61641,157.4831,1
66.3555,5.19622,59.445,6.48086,1
76.9544,226.4426,307.755,18.30643,1
90.2038,312.2072,378.702,61.8388,1
18.90225,124.062,83.1195,27.0765,1
37.63125,49.8195,76.5886,1.951295,1
27.32895,177.948,147.932,139.0443,1
151.4691,317.439,5.34812,215.729,1
97.2346,18.9954,118.0125,1.991378,1
79.8374,175.3794,274.635,29.3463,1
58.2242,204.1815,218.187,0.668546,1
10.91745,25.7931,60.1462,19.80315,1
58.32,192.8475,150.2167,89.9403,1
11.67435,225.4365,156.2214,197.9722,1
182.063,412.884,8.50888,187.3082,1
107.2755,121.0545,7.27425,31.6944,1
73.7707,44.6462,50.7285,7.2342,1
38.5144,53.2425,16.29143,6.52116,1
9.0972,86.319,101.7668,19.14808,1
26.92035,157.554,123.3645,55.3071,1
24.17845,145.449,101.742,96.1124,1
128.3679,155.7855,14.83071,120.5249,1
201.7604,394.632,10.43595,122.047,1
139.4876,154.296,25.31925,36.1832,1
102.6875,4.56255,24.89535,9.1667,1
60.2113,16.947,39.9838,25.56198,1
23.49583,114.0705,94.4384,39.1499,1
29.57493,89.208,71.8053,37.0667,1
68.7363,66.0195,22.53359,36.3444,1
86.769,88.5555,13.13067,65.4875,1
57.7499,26.30071,114.1965,4.382955,1
111.3396,193.0835,460.7505,35.7833,1
158.7696,164.6658,467.307,32.8972,1
101.8474,181.674,14.06036,56.5068,1
17.63187,63.783,44.1812,34.8626,1
72.9058,149.9129,299.1555,1.871098,1
139.0691,411.9559,778.8915,99.8014,1
136.0156,239.5277,538.4475,45.0833,1
104.1724,10.13576,95.958,27.0765,1
31.3472,134.928,36.1584,50.1735,1
1.359855,32.5872,63.108,34.81605,1
51.1934,263.4535,410.049,55.7055,1
101.3452,394.9586,700.0785,4.39642,1
79.6731,212.2012,404.9955,96.0885,1
40.5046,11.3598,34.3035,79.911,1
51.5747,147.9645,70.3731,68.8944,1
17.05248,128.9655,51.1128,75.3889,1
9.64395,21.55399,39.46995,13.34385,1
23.95928,230.8663,292.14,16.25355,1
57.0121,281.7373,415.872,3.23392,1
19.62238,158.9587,205.308,66.5865,1
0.1824525,28.30725,19.87751,34.11765,1
8.89576,143.028,110.8777,98.8776,1
162.4586,298.161,6.17148,212.6817,1
44.7826,96.471,14.64471,51.6987,1
20.38777,86.8558,167.0175,44.88255,1
47.8919,314.6438,432.684,38.2292,1
89.7667,372.6355,536.1705,85.4112,1
25.25849,177.8811,197.6355,14.4495,1
22.60125,29.4246,36.5583,17.9991,1
33.53445,163.6065,136.5364,128.3834,1
90.3526,182.4165,14.16669,125.0137,1
43.1117,42.7211,103.7475,0.668546,1
55.366,251.5867,318.861,37.5472,1
53.6982,287.7668,347.355,53.2208,1
24.8841,107.3189,76.716,49.536,1
91.395,83.34,93.3751,0.135135,1
55.2555,181.3905,143.9485,121.2875,1
130.9719,282.1455,7.1199,171.9167,1
78.5726,23.99152,151.209,0.07695,1
54.219,196.292,274.4415,6.4197,1
16.709,160.177,154.7955,2.346345,1
70.3395,40.31955,61.0762,29.4624,1
107.6265,205.0425,154.6528,89.8597,1
40.2804,214.821,150.1361,173.3179,1
169.9048,368.1855,12.5181,156.0013,1
89.3823,79.7085,31.0257,14.3778,1
43.9394,69.8585,68.31,27.89145,1
19.2735,29.44411,33.2661,14.4495,1
71.568,99.5445,96.6673,3.63475,1
78.4125,165.7485,124.3999,53.3417,1
7.24036,145.8225,95.0739,86.1304,1
112.3037,179.811,11.11195,121.0457,1
190.7616,356.8275,27.74835,101.2026,1
121.4332,119.934,35.4987,24.2389,1
68.8634,7.37738,25.2036,2.5209,1
15.26471,40.2264,50.4773,17.62474,1
11.93265,108.297,88.0896,18.58698,1
3.17254,81.8505,68.7239,17.58475,1
50.1456,49.167,11.00562,18.58698,1
57.1888,56.43,12.2481,33.2568,1
39.6366,74.6697,205.8075,21.43215,1
89.962,237.3453,532.431,26.12308,1
135.6963,171.0177,492.255,12.6542,1
63.6399,172.7325,24.65864,37.6278,1
8.4906,31.5666,15.86642,0.251514,1
53.5649,212.071,402.723,30.6261,1
104.7583,426.9661,806.733,63.0013,1
96.9463,220.4751,512.5365,2.592654,1
65.751,1.73228,87.705,60.885,1
54.8607,154.4805,37.6464,73.7459,1
0.0398412,6.23835,6.09181,0.367893,1
52.142,211.1751,321.291,59.9535,1
108.2427,377.3816,646.6005,19.10809,1
96.5898,267.4959,469.8135,43.71885,1
64.7621,15.01082,76.68,78.4575,1
52.5016,125.334,67.6885,59.7556,1
39.8226,147.2175,54.7801,101.0848,1
2.858014,17.69175,10.18226,4.27614,1
31.9052,198.0249,248.6475,35.97975,1
68.4573,282.3139,404.9595,8.80586,1
33.3064,195.6503,240.975,36.2124,1
15.81093,7.31321,0.912285,34.3503,1
11.27532,136.9755,107.9296,86.2916,1
198.3349,290.1555,48.762,205.1456,1
69.7531,149.0805,27.39439,89.8194,1
36.7629,38.8089,101.8575,34.75755,1
56.0356,273.2061,391.887,6.72142,1
104.9753,402.6559,587.4525,84.3262,1
43.7286,220.348,254.043,14.10075,1
6.63214,21.16897,4.34394,53.8425,1
21.95865,160.533,136.0342,118.1596,1
118.3177,231.3045,20.16953,168.3486,1
60.6205,9.3114,56.1285,11.4917,1
67.5366,199.8849,271.548,6.44087,1
72.2269,308.5492,381.402,58.0723,1
0.1404045,124.1891,80.802,41.2749,1
60.831,47.6775,72.6547,17.9991,1
55.3905,175.1535,149.6587,124.2139,1
155.9331,337.644,4.15276,232.6054,1
95.4769,27.3762,121.6755,7.36281,1
71.2597,162.037,253.35,41.2749,1
38.409,202.771,216.6795,1.029324,1
34.1532,13.1292,51.1686,37.7253,1
75.5955,189.306,140.7338,74.1861,1
28.64475,234.099,161.6929,189.7541,1
187.8538,418.284,13.52902,197.4514,1
109.058,129.4335,6.966,37.4666,1
63.0416,43.6852,52.119,16.42815,1
21.62095,54.7832,10.68694,3.83532,1
33.7986,86.2245,96.4038,6.36058,1
38.0457,156.717,112.5517,43.2791,1
17.25088,144.612,102.5635,86.6915,1
114.1327,145.0755,21.49757,105.4124,1
209.3306,396.774,1.921473,115.475,1
141.887,155.3175,30.02355,29.37002,1
92.6373,14.06025,20.26845,3.102795,1
45.8211,6.42465,36.0282,15.05949,1
14.46181,105.2235,92.4172,32.3361,1
27.0754,74.3985,68.0884,24.19891,1
65.8254,53.1675,17.22112,25.16115,1
71.7402,93.771,14.51203,51.9777,1
44.1223,30.66272,106.137,17.76645,1
95.6846,205.7222,474.3225,27.64642,1
146.7261,191.5459,512.46,33.2971,1
89.3699,175.338,5.8528,36.1832,1
1.119937,68.625,43.6759,23.59751,1
53.0224,148.118,279.4905,17.883,1
118.4293,404.7081,763.1235,71.4612,1
115.2611,263.7759,556.335,29.61058,1
89.869,18.73144,117.2025,61.992,1
30.43983,125.802,38.2571,48.5708,1
5.36176,36.6296,62.181,33.012,1
60.1679,269.2288,411.975,42.32205,1
110.7103,387.2582,669.9645,14.57837,1
92.7365,205.3998,389.3445,81.891,1
57.2973,13.9671,34.8048,63.8505,1
70.2987,148.338,69.9453,76.3902,1
15.75296,129.06,56.1348,70.0972,1
6.44805,33.7435,45.1755,21.95595,1
28.14304,244.9806,305.1315,15.38055,1
62.1302,290.3956,419.9985,3.19393,1
29.01197,158.1248,204.1515,62.397,1
12.64924,24.3963,16.34475,29.637,1
25.3332,152.154,113.7204,107.136,1
150.0152,300.3975,7.52618,203.9025,1
39.6552,96.192,14.75104,43.3194,1
20.46248,100.006,171.261,53.262,1
54.9103,333.7615,459.828,31.1333,1
93.1891,379.3687,537.984,66.9693,1
34.1682,181.0245,205.3845,30.91725,1
5.3127,17.5986,30.44913,19.27935,1
5.2587,168.075,137.5749,135.5971,1
84.5184,176.4585,15.25572,112.7501,1
38.3439,52.4086,113.31,23.2362,1
57.1609,268.0725,345.582,20.67142,1
57.5174,297.7085,349.938,30.29196,1
7.3611,104.1104,61.8705,61.0605,1
67.8465,88.182,94.8104,3.79533,1
30.5487,185.3955,141.639,128.3834,1
123.7954,262.4985,24.62535,153.0749,1
74.0838,24.31237,135.6345,34.29225,1
55.7256,209.8266,300.3885,40.4604,1
21.96877,172.3662,182.1735,40.635,1
45.873,49.6305,71.3,26.72775,1
80.4375,215.1,159.2222,100.3222,1
12.29895,219.4785,152.5014,180.4138,1
160.1491,361.9485,1.991925,139.4473,1
83.7868,73.4715,37.6191,2.833183,1
46.2024,68.7673,72.243,40.2273,1
0.461962,31.7533,29.14744,29.22975,1
40.0464,101.871,96.2426,3.67505,1
47.8665,166.3065,128.9414,60.0749,1
26.2601,140.9805,93.3472,91.1028,1
122.7414,181.3005,11.11195,120.7667,1
182.3358,344.628,25.011,90.3805,1
117.0157,113.229,37.50345,9.60783,1
75.0138,7.56958,31.5657,18.81405,1
25.89585,36.2223,50.8741,5.95975,1
9.43392,119.376,86.0436,20.35057,1
18.67874,77.5665,66.6531,23.87837,1
65.2829,53.1675,16.53044,25.64196,1
63.3671,55.2195,8.3538,33.821,1
48.4251,68.5751,191.6595,12.5874,1
100.1455,223.6185,523.9485,29.33003,1
150.1206,154.7892,468.234,16.46224,1
71.7557,165.006,21.6039,38.6694,1
3.63196,27.1899,11.96197,1.831015,1
62.2046,208.289,405.729,4.499325,1
114.5791,424.0149,791.0775,81.1611,1
111.6372,202.7059,473.553,15.17977,1
81.4866,8.1009,80.802,43.7769,1
25.60631,133.2495,39.8784,45.4057,1
14.31135,30.79106,49.2615,39.87855,1
44.8074,261.5935,398.1735,43.6023,1
97.4113,404.1315,705.4785,20.51115,1
78.6563,215.729,396.243,68.8005,1
42.346,8.2872,40.74255,71.127,1
52.8984,148.896,70.7699,68.1318,1
13.00915,130.923,55.3629,68.4139,1
16.93665,25.53098,35.34435,33.5358,1
17.16005,245.6223,302.202,33.4773,1
49.6031,297.0668,423.198,3.68469,1
11.47403,172.174,214.8705,69.615,1
5.4567,10.05615,14.67137,43.6608,1
8.39108,147.033,110.2422,95.7528,1
158.689,299.187,1.549597,202.1386,1
43.2326,104.103,13.79469,46.2055,1
21.66249,104.6901,185.4495,67.6935,1
45.88,326.2564,446.292,15.5806,1
82.6119,397.203,570.1005,59.1542,1
19.43204,195.331,215.2935,49.77,1
23.31,11.63925,26.06635,43.2531,1
28.9692,169.38,138.6878,125.4973,1
92.4451,188.937,18.2838,122.8902,1
45.3468,48.6886,109.6065,22.4217,1
53.0131,272.4993,358.8075,14.09725,1
48.2732,306.3048,364.896,33.4986,1
33.4926,116.9413,72.5895,70.893,1
90.7965,80.919,91.7011,9.4455,1
52.38,176.085,141.1864,119.8832,1
135.3677,273.114,25.7436,169.4708,1
80.3489,32.7143,175.2705,34.99065,1
55.9426,211.2371,301.5855,52.5645,1
22.27908,177.1774,172.341,46.0485,1
64.701,30.07665,62.8277,46.2195,1
98.7435,204.7635,154.256,84.4874,1
33.192,218.3625,148.7566,175.6429,1
174.747,365.6745,5.88645,155.4402,1
93.5983,79.9875,33.18525,14.05726,1
51.7886,64.79,71.28,32.0229,1
3.9339,35.6655,29.49278,26.02935,1
54.891,94.419,99.0574,5.77935,1
65.2545,162.3015,125.7267,49.4946,1
12.66567,139.3965,91.7817,83.3652,1
120.7512,171.7065,9.70424,118.4014,1
197.4049,360.459,19.1115,99.8417,1
128.4299,124.8705,30.71745,22.31504,1
83.2784,3.015215,27.74835,2.75364,1
32.7205,35.75655,52.6008,14.49808,1
9.25598,111.4605,91.4872,20.51115,1
15.48388,79.803,69.6539,21.11224,1
61.6311,44.97525,8.85422,21.71364,1
60.1059,70.677,2.069055,34.782,1
44.5625,57.7344,181.17,24.80715,1
98.8125,234.8436,534.051,17.94559,1
144.9715,175.5716,493.605,10.36919,1
62.8835,173.106,19.66485,36.425,1
11.98665,32.9634,21.04621,1.58985,1
54.5259,200.3344,381.4785,14.39145,1
111.5535,423.4383,792.234,77.2737,1
104.1042,224.4524,514.8855,17.70503,1
73.2499,3.27174,87.012,51.111,1
67.5862,152.0595,37.9936,82.5251,1
12.69481,4.81151,2.724525,2.753017,1
71.0458,224.967,358.1865,41.4495,1
124.6634,396.8186,702.8955,29.65057,1
105.0404,254.665,464.9175,44.18415,1
62.1426,15.33167,59.985,74.4435,1
52.8953,125.802,73.718,72.8221,1
50.7966,151.128,53.6362,110.5026,1
12.90995,14.61915,10.42127,11.17116,1
49.2187,204.8232,261.099,14.21685,1
80.4791,289.819,440.739,8.68558,1
47.2068,200.8459,259.056,39.29625,1
16.45232,3.015215,6.75583,46.917,1
15.21511,128.034,112.9516,96.1124,1
203.8963,306.0765,38.46735,233.5664,1
76.3251,124.4025,19.39918,88.5763,1
43.3845,59.4022,113.193,26.9604,1
71.9851,289.2424,415.485,24.76001,1
115.63,402.1413,584.1765,83.204,1
52.6628,220.6053,260.559,7.52535,1
8.26274,20.01422,13.02434,40.1112,1
14.99625,148.986,139.7511,124.372,1
130.4821,212.7735,15.22906,161.6929,1
71.7402,21.23314,89.2485,13.89699,1
76.9885,230.9314,310.338,19.99004,1
85.5941,325.8069,406.0755,60.5957,1
11.16775,137.919,94.8015,42.4386,1
45.5265,40.599,72.8686,19.2213,1
43.5186,172.917,152.8734,128.1013,1
161.3519,326.655,3.187215,226.3124,1
102.9293,0.83421,133.281,13.93698,1
79.515,179.4869,270.549,2.11356,1
49.4481,203.732,214.6005,29.24974,1
31.7205,7.7283,55.3629,16.25355,1
77.9895,177.948,146.9772,77.5527,1
30.681,218.268,161.6123,189.2333,1
196.4284,417.816,0.642375,210.3164,1
117.9643,109.2285,30.6405,33.7001,1
68.1349,65.8812,77.1795,20.32695,1
27.24094,68.5751,1.602731,4.499325,1
33.33015,77.8455,99.0853,4.5167,1
44.2332,154.017,123.0452,53.0596,1
10.8159,143.6805,105.5674,98.6792,1
119.5112,158.4855,11.90865,119.6848,1
215.7569,404.6895,9.819,141.732,1
147.1322,140.4225,48.375,40.1946,1
99.3581,4.42649,43.90425,2.055375,1
54.4019,2.502041,23.48994,11.4917,1
18.47197,111.6495,88.8863,27.84668,1
27.75802,91.2555,73.3212,39.5126,1
64.3374,57.4515,19.90386,39.1902,1
101.6118,81.1035,8.1225,74.1861,1
68.7673,38.874,134.937,16.3701,1
111.2745,203.732,473.6295,5.07811,1
156.4787,179.8713,505.98,12.0931,1
110.7971,177.48,2.45272,65.7293,1
22.7881,78.1245,46.3078,35.9042,1
70.1127,147.0268,285.7005,5.0229,1
131.564,404.9654,770.022,86.8527,1
124.6758,257.424,564.975,46.8069,1
93.6231,20.84843,121.752,38.5983,1
77.3171,159.5115,42.5351,88.2973,1
25.76751,1.768815,2.41605,7.16255,1
79.5615,213.3544,339.372,31.8483,1
136.4558,401.0501,704.5155,52.0986,1
116.4763,257.0396,463.644,17.12655,1
76.6475,12.44495,66.8475,50.3505,1
61.1475,129.7125,71.5666,73.5444,1
62.4619,165.933,60.0935,120.6458,1
25.43643,29.33145,15.14939,16.34196,1
55.4466,196.8066,252.693,19.1628,1
90.3278,293.6041,439.506,18.66696,1
56.8633,204.3117,253.9305,24.7491,1
27.0754,1.026658,6.25115,25.0983,1
21.80726,133.065,111.4357,97.5167,1
208.8997,314.4555,30.52485,235.2497,1
85.9413,147.4965,28.9881,97.5167,1
51.5871,42.4018,89.865,23.52735,1
75.4819,286.7407,404.649,15.50031,1
117.583,393.9945,575.8065,87.575,1
60.6081,216.2436,249.2235,3.99559,1
21.41418,15.52387,10.97927,21.3741,1
1.125585,152.991,137.4137,132.2305,1
136.2977,223.2045,20.11652,169.6289,1
76.136,7.56958,63.1845,14.21753,1
81.22,212.5205,279.7605,19.30835,1
91.9522,320.0967,395.28,65.5278,1
22.16314,137.7888,100.0845,22.4217,1
27.0225,44.97525,68.5906,4.382955,1
27.7434,175.248,146.5525,136.2388,1
168.6834,325.6335,4.9221,234.4902,1
110.9738,20.67165,105.5565,14.17754,1
86.0839,176.5977,266.3055,16.95195,1
56.9036,209.4422,227.6325,17.06364,1
13.53645,7.82145,54.3802,22.01445,1
60.3135,185.9535,145.7558,80.5597,1
12.09465,224.415,159.6748,198.1303,1
202.2285,432.063,7.87152,215.8902,1
126.1049,112.2975,35.80695,34.2209,1
79.484,52.8581,67.617,14.74065,1
41.5834,59.4022,4.81678,3.71504,1
10.7433,93.9555,103.9182,20.63143,1
27.954,165.4695,126.3901,64.2041,1
24.13288,153.0855,108.0629,110.2639,1
127.8564,170.5905,20.2492,129.5862,1
218.3051,414,11.66985,145.1792,1
153.3322,160.722,37.2339,46.3667,1
109.6129,13.68765,29.5605,9.1667,1
64.0522,7.63515,31.1674,25.72225,1
27.50568,126.36,97.4392,37.3085,1
33.9171,103.824,78.2347,44.8043,1
75.8198,73.2825,27.44771,45.8862,1
110.081,85.2975,8.3925,75.6679,1
70.7141,26.55739,122.3325,1.99719,1
111.7643,185.194,454.122,25.68226,1
157.0956,160.8187,469.197,26.88475,1
121.5324,183.2535,7.34018,65.5681,1
35.0486,83.061,42.0825,42.7986,1
76.1391,141.2546,290.403,1.750849,1
138.8025,403.9393,768.753,94.0695,1
130.0698,253.6389,545.8095,49.6527,1
104.78,21.9387,113.9625,32.3136,1
75.5315,162.117,43.9146,89.7388,1
24.08328,5.8662,0.965247,10.97059,1
83.9573,211.6246,339.0255,26.55315,1
141.1461,390.1474,694.8765,46.4473,1
120.5714,242.7982,441.936,21.3741,1
77.7604,7.05653,66.96,54.3105,1
67.1212,135.9495,74.8092,75.1471,1
58.8194,157.833,55.3102,119.3221,1
19.23333,25.1415,11.96197,20.59113,1
56.9997,195.331,254.277,8.80515,1
93,283.8546,430.947,22.63558,1
59.2596,190.9693,252.27,21.83985,1
31.155,3.817395,7.6322,20.5596,1
27.22854,146.565,114.0118,102.1264,1
206.181,305.703,30.8718,235.2497,1
78.9353,139.9545,25.80068,94.1098,1
44.5687,44.392,95.148,18.93015,1
76.1174,280.2617,398.79,26.96473,1
122.1741,399.2552,587.6865,102.6875,1
65.8471,213.8039,251.964,14.61836,1
23.04044,10.19962,13.26335,10.49265,1
2.216593,168.354,140.7865,131.8306,1
131.2323,221.247,15.25572,164.9417,1
73.3925,13.53553,76.14,13.33558,1
79.1306,228.2375,311.6475,20.71141,1
96.0566,324.2662,403.7265,72.6237,1
27.84079,139.0722,99.0405,22.82895,1
25.3044,45.0675,70.4506,0.1875066,1
24.2712,175.248,149.3146,134.5958,1
164.3372,332.6175,1.336455,229.3597,1
104.0143,16.01595,119.1285,11.73226,1
86.5148,177.1123,267.885,20.6757,1
61.9473,204.8232,217.143,13.01504,1
6.94035,5.3073,52.1513,26.7858,1
54.36,183.348,147.6685,80.9999,1
13.284,219.852,159.619,193.2013,1
199.1657,428.8995,1.02798,212.4027,1
123.7923,117.981,28.28835,35.9445,1
82.429,49.7798,61.4115,7.4088,1
43.6914,65.8812,3.22307,5.95975,1
4.9644,88.8345,104.3708,20.23029,1
23.5683,163.98,126.3126,61.7179,1
23.80614,155.691,106.6555,106.2556,1
123.0638,165.654,18.60248,124.4123,1
218.1284,418.1895,7.4673,140.7276,1
153.2857,148.5225,47.835,44.764,1
111.3923,10.3356,32.067,10.3292,1
67.1894,5.58675,32.4415,26.72448,1
29.7817,121.3335,96.8006,40.6751,1
33.4862,98.982,80.1722,39.5529,1
72.1587,64.7145,25.45534,39.8722,1
115.4564,85.6665,1.098051,77.7945,1
79.7444,29.63662,121.8285,5.15809,1
121.8207,188.5296,454.311,31.4557,1
164.1233,159.5353,464.994,34.6611,1
120.7543,181.764,9.3589,67.6916,1
37.9564,78.6825,45.8831,43.9611,1
81.8586,136.8929,269.235,4.31644,1
143.6478,395.2779,752.247,99.7208,1
132.9497,243.7623,532.7415,58.8318,1
103.7198,15.65221,118.476,24.16725,1
34.6828,150.1065,41.7105,60.6763,1
25.17255,9.6224,8.23815,20.09385,1
46.7418,226.8921,355.4145,55.3005,1
108.686,389.5677,682.227,23.31696,1
91.4438,256.463,461.907,52.3305,1
49.6899,12.05993,72.9,85.9635,1
39.2677,126.8235,75.206,58.4722,1
15.27711,137.7225,56.9036,87.854,1
29.86425,1.411523,5.82614,10.55115,1
22.34108,209.5073,262.836,28.06605,1
61.8946,294.5031,435.69,3.99559,1
30.17075,198.9208,252.117,46.4535,1
0.784734,5.38873,3.51509,54.891,1
2.813625,131.8545,109.9477,82.8847,1
171.275,284.661,40.3956,205.3471,1
40.1233,120.3075,26.06635,63.0013,1
7.45147,55.2947,96.075,55.881,1
43.3008,299.7638,425.934,10.81032,1
91.9832,411.8939,606.2715,81.4401,1
34.1155,224.7748,270.6255,16.60275,1
10.0944,16.16557,12.51966,54.0765,1
40.68315,151.686,139.4597,114.5915,1
88.7189,203.3685,18.01813,132.1499,1
33.5823,9.68657,57.6675,18.58095,1
48.6111,224.5826,294.9165,3.9556,1
63.6895,336.9049,427.167,43.7596,1
10.557,139.9712,95.3775,65.016,1
71.145,39.10905,71.7278,37.0854,1
69.813,171.0585,152.3433,116.1973,1
128.5849,320.5125,2.585524,198.9332,1
70.1375,3.079385,126.5715,21.8979,1
54.1849,180.513,264.1455,54.54,1
29.73613,208.0968,224.3565,14.7987,1
60.5295,10.61505,58.2335,59.661,1
100.2555,184.2795,148.9147,65.4472,1
56.574,219.2895,163.8691,182.0971,1
166.9567,410.463,12.99799,183.4611,1
92.3366,105.5025,23.70015,12.45363,1
49.1381,66.8422,76.869,40.5765,1
6.78528,68.3178,2.9574,25.38945,1
59.3235,85.5765,102.6441,2.928195,1
67.032,154.296,124.9579,44.2029,1
5.2164,144.9855,106.3362,88.2167,1
105.1644,151.038,22.32124,109.2223,1
191.0592,391.932,6.70251,112.6695,1
126.4366,131.5755,39.1617,20.27059,1
80.2869,12.1241,42.0534,19.3374,1
31.3596,5.90178,28.08507,0.135135,1
